reporterDesc,partnerDesc,primaryValue
Australia,Australia,3473.87
Australia,Belgium,34720.481
Australia,China,643495897.4
Australia,Denmark,444429.282
Australia,Germany,20464805.91
Australia,Others,30110995.05
Australia,South Africa,8855.331
Australia,Türkiye,10072.908
Australia,USA,1413421.957
Australia,United Kingdom,280303.305
Belgium,Canada,91779.82
Belgium,China,30494075.14
Belgium,Denmark,31827805.38
Belgium,France,10218.589
Belgium,Germany,246172046.5
Belgium,Japan,4350.307
Belgium,Netherlands,419645021.8
Belgium,Others,11133541.46
Belgium,Spain,1236148.505
Belgium,Sweden,3829.24
Belgium,Türkiye,15801.52
Belgium,USA,39424.382
Belgium,United Kingdom,113017.873
Canada,Belgium,5539.619
Canada,Canada,221029.863
Canada,China,1140789843
Canada,Denmark,6199930.627
Canada,Germany,209437513.4
Canada,Japan,157396.836
Canada,Mexico,325361.854
Canada,Netherlands,1100113.878
Canada,"Other Asia, nes",4833.156
Canada,Others,36288714.89
Canada,South Africa,5090.99
Canada,Spain,4788392.521
Canada,Türkiye,29307084.35
Canada,USA,112996367.7
Canada,United Kingdom,1506263.228
Canada,Viet Nam,1956.122
Chile,Belgium,421071.64
Chile,China,1589561955
Chile,Denmark,31425035.88
Chile,France,220849.04
Chile,Germany,258631651.7
Chile,Greece,170723.9
Chile,Mexico,1575251.03
Chile,Netherlands,4269536.72
Chile,Norway,1236159.79
Chile,"Other Asia, nes",30296.23
Chile,Others,306405761.3
Chile,Poland,1243828.43
Chile,Spain,279034067
Chile,Sweden,894687
Chile,Türkiye,1998657.6
Chile,USA,30732112.98
Chile,United Kingdom,26626.6
Chile,Viet Nam,58656557.38
China,Canada,738
China,China,629850
China,Denmark,9132117
China,Germany,1354162
China,Japan,723000
China,Netherlands,46417
China,"Other Asia, nes",49933
China,Others,1216567
China,Türkiye,2571
China,USA,12390564
China,United Kingdom,10182
Denmark,Australia,55990.267
Denmark,Belgium,285368.385
Denmark,Canada,29.812
Denmark,China,30975045.22
Denmark,France,27396.086
Denmark,Germany,416491565.8
Denmark,Mexico,133346.009
Denmark,Netherlands,1411438.685
Denmark,Norway,513232.981
Denmark,"Other Asia, nes",64.173
Denmark,Others,835098499.7
Denmark,Poland,10719.68
Denmark,South Africa,96994.076
Denmark,Spain,33045971.85
Denmark,Sweden,76086.784
Denmark,Türkiye,54821.52
Denmark,USA,10086026.19
Denmark,Ukraine,2060808.141
Denmark,United Kingdom,3193713.674
France,Belgium,4054515.433
France,Canada,142176.518
France,China,220720392.4
France,Denmark,79368975.78
France,Germany,144533754.7
France,Greece,2526293.572
France,Japan,2849.49
France,Netherlands,160525.635
France,"Other Asia, nes",620.282
France,Others,281273035
France,Poland,4025.138
France,Spain,21595497.72
France,Türkiye,175256.014
France,USA,665141.168
France,United Kingdom,537281.993
France,Viet Nam,1501817.553
Germany,Australia,307.021
Germany,Canada,45501.946
Germany,China,91077368.15
Germany,Denmark,489980041.6
Germany,Netherlands,10624778.08
Germany,"Other Asia, nes",5378236.087
Germany,Others,9577969.369
Germany,Poland,1840695.278
Germany,South Africa,5777.908
Germany,Spain,30358265.17
Germany,Türkiye,2913314.622
Germany,USA,652353.209
Germany,United Kingdom,34450.249
Greece,Belgium,151372.346
Greece,China,41434183.09
Greece,Denmark,405274975
Greece,France,11122.823
Greece,Germany,206138143.8
Greece,Netherlands,7026284.444
Greece,Others,112942395.1
Greece,Spain,126489523.7
Greece,Sweden,7678646.672
Greece,Türkiye,10515.973
Greece,United Kingdom,27614.981
Japan,China,390536105.1
Japan,Denmark,222202406.7
Japan,Germany,240112202.8
Japan,"Other Asia, nes",290693.086
Japan,Others,13715799.84
Japan,Poland,1002588.24
Japan,Spain,1828960.346
Japan,USA,9150114.27
Japan,United Kingdom,702708.064
Mexico,China,447282900
Mexico,Germany,3390851
Mexico,Others,121555336
Mexico,Spain,149007102
Mexico,Sweden,865998
Mexico,USA,13545602
Netherlands,Australia,495.945
Netherlands,Belgium,3728540.114
Netherlands,China,40772285.11
Netherlands,Denmark,981174250.7
Netherlands,France,206791.193
Netherlands,Germany,818259812.8
Netherlands,Greece,3188138.234
Netherlands,Japan,18115.972
Netherlands,Norway,21.625
Netherlands,"Other Asia, nes",223609.571
Netherlands,Others,4137636.91
Netherlands,Poland,263097.778
Netherlands,South Africa,6545.75
Netherlands,Spain,3697716.225
Netherlands,Sweden,126667.798
Netherlands,Türkiye,236634.62
Netherlands,USA,33730.624
Netherlands,United Kingdom,581302.13
Netherlands,Viet Nam,8007158.536
Norway,China,79577715.75
Norway,Denmark,891875660.3
Norway,Germany,204232839.8
Norway,Japan,34874.639
Norway,Netherlands,41755.766
Norway,"Other Asia, nes",92914.802
Norway,Others,3404177.212
Norway,Poland,177107407.4
Norway,South Africa,2997.103
Norway,Spain,4683739.103
Norway,Sweden,77987.768
Norway,Türkiye,104066.886
Norway,USA,86790.552
Norway,United Kingdom,132933.42
"Other Asia, nes",Belgium,12507699.27
"Other Asia, nes",Canada,56958.57
"Other Asia, nes",Denmark,1243286074
"Other Asia, nes",France,442496.95
"Other Asia, nes",Germany,756268850.5
"Other Asia, nes",Japan,126611897.1
"Other Asia, nes",Netherlands,941448.873
"Other Asia, nes",Norway,4411649.187
"Other Asia, nes","Other Asia, nes",6903.374
"Other Asia, nes",Others,53994519.54
"Other Asia, nes",Poland,25048522.87
"Other Asia, nes",Spain,794299.677
"Other Asia, nes",Sweden,171004.731
"Other Asia, nes",USA,20216.031
"Other Asia, nes",United Kingdom,11022107.53
"Other Asia, nes",Viet Nam,103215506
Others,Australia,323225.559
Others,Belgium,3974292.798
Others,Canada,90483.588
Others,Chile,1773.334
Others,China,3637831270
Others,Denmark,739083601.2
Others,France,2937131.135
Others,Germany,473145191.7
Others,Greece,4058836.872
Others,Japan,4294541.344
Others,Mexico,26014.9
Others,Netherlands,298342514.6
Others,Norway,3159.146
Others,"Other Asia, nes",163899.02
Others,Others,191045670.1
Others,Poland,12219809.95
Others,South Africa,1492303.872
Others,Spain,586253723.8
Others,Sweden,447221.353
Others,Türkiye,34152344.91
Others,USA,60521975.5
Others,Ukraine,6025599.261
Others,United Kingdom,11530167.7
Others,Viet Nam,186250.773
Poland,Canada,726
Poland,China,143140492
Poland,Denmark,93563395
Poland,Germany,154556748
Poland,Others,322898926
Poland,Spain,37321721
Poland,Türkiye,52306
Poland,USA,137693
Poland,Ukraine,16462
Poland,United Kingdom,19411
South Africa,Belgium,49580.034
South Africa,China,380211871.6
South Africa,Denmark,82166599.87
South Africa,France,2500.993
South Africa,Germany,3762641.667
South Africa,Netherlands,643865.047
South Africa,Norway,151312.325
South Africa,"Other Asia, nes",3695.952
South Africa,Others,100104956
South Africa,Poland,1687870.518
South Africa,South Africa,1706.445
South Africa,Spain,293635869.1
South Africa,Sweden,580911.526
South Africa,Türkiye,140165.456
South Africa,USA,1430436.2
South Africa,United Kingdom,11275260.35
Spain,Australia,1871.048
Spain,Belgium,4193.753
Spain,Canada,19753.686
Spain,Chile,2160.338
Spain,China,101929887.9
Spain,Denmark,57670200
Spain,France,404202.8
Spain,Germany,210383968.6
Spain,Japan,126790.96
Spain,Mexico,759418.43
Spain,Netherlands,913768.167
Spain,"Other Asia, nes",89066.526
Spain,Others,85068190.5
Spain,Poland,17344.034
Spain,South Africa,352735.18
Spain,Türkiye,1785926.634
Spain,USA,941607.136
Spain,United Kingdom,156284.939
Sweden,Canada,2175.149
Sweden,China,325421389.7
Sweden,Denmark,181893555.3
Sweden,Germany,220048670.4
Sweden,Greece,971311.193
Sweden,Japan,50117.819
Sweden,Norway,28945.447
Sweden,"Other Asia, nes",15226.04
Sweden,Others,2923884.776
Sweden,Poland,593.222
Sweden,Spain,239474238.8
Sweden,Türkiye,67016.984
Sweden,USA,19041.482
Sweden,Ukraine,108.574
Sweden,United Kingdom,10799.958
Türkiye,Belgium,5675
Türkiye,Canada,522
Türkiye,China,174425308
Türkiye,Denmark,217716441
Türkiye,France,27165
Türkiye,Germany,1400748162
Türkiye,Greece,2376624
Türkiye,Japan,574
Türkiye,Mexico,520
Türkiye,Netherlands,14628405
Türkiye,Norway,8812496
Türkiye,"Other Asia, nes",4120
Türkiye,Others,29968645
Türkiye,Poland,7526765
Türkiye,Spain,66183781
Türkiye,Sweden,754400
Türkiye,USA,215081
Türkiye,Ukraine,508
Türkiye,United Kingdom,20628
USA,Australia,160334
USA,Belgium,1025813
USA,Canada,5817851
USA,China,455268984
USA,Denmark,10893738
USA,France,439874
USA,Germany,272217636
USA,Japan,1742095
USA,Mexico,7775778
USA,Netherlands,249179
USA,"Other Asia, nes",122422
USA,Others,250777953
USA,Poland,144560
USA,South Africa,4733
USA,Spain,449368225
USA,Sweden,8086
USA,Türkiye,279409
USA,United Kingdom,1298035
Ukraine,Belgium,44964394.27
Ukraine,China,171597660.9
Ukraine,Denmark,82524051.38
Ukraine,Germany,298656673.6
Ukraine,Netherlands,15667494.99
Ukraine,Norway,2391168.7
Ukraine,Others,67393772.02
Ukraine,Poland,9619397.61
Ukraine,Spain,128872503.7
Ukraine,Sweden,2565037.19
Ukraine,Türkiye,112089509.5
Ukraine,USA,9361.2
Ukraine,United Kingdom,1281
United Kingdom,Australia,2433.127
United Kingdom,Belgium,14792.253
United Kingdom,Canada,277538.539
United Kingdom,China,111391375.8
United Kingdom,Denmark,2355140092
United Kingdom,France,295530007.1
United Kingdom,Germany,1010371455
United Kingdom,Greece,104332.904
United Kingdom,Netherlands,2989981.916
United Kingdom,"Other Asia, nes",31479.812
United Kingdom,Others,34211487.32
United Kingdom,Poland,338256.812
United Kingdom,Spain,57356600.83
United Kingdom,Sweden,1298.061
United Kingdom,Türkiye,6394897.569
United Kingdom,USA,7615913.213
United Kingdom,United Kingdom,76993.469
Viet Nam,Belgium,220894
Viet Nam,China,2785822513
Viet Nam,Denmark,6368138.79
Viet Nam,Germany,356116598.8
Viet Nam,Japan,18837
Viet Nam,Netherlands,22150953.71
Viet Nam,Norway,3456930
Viet Nam,"Other Asia, nes",112260
Viet Nam,Others,144070775.4
Viet Nam,Poland,86692821.35
Viet Nam,Spain,1844918.96
Viet Nam,Sweden,42396
Viet Nam,Türkiye,53838917.6
Viet Nam,Ukraine,5907
Viet Nam,United Kingdom,890977.926
